<?xml version='1.0' encoding='UTF-8'?>
<?metadataRepository version='1.1.0'?>
<repository name='XPath - Knime - Update' type='org.eclipse.equinox.internal.p2.metadata.repository.LocalMetadataRepository' version='1'>
  <properties size='1'>
    <property name='p2.timestamp' value='1440109491367'/>
  </properties>
  <units size='5'>
    <unit id='201508202224.actiandataflow' version='1.0.0.2-5cKa6ul7735C3I73777A'>
      <properties size='3'>
        <property name='org.eclipse.equinox.p2.name' value='Extensions for KNIME/Dataflow'/>
        <property name='org.eclipse.equinox.p2.description' value='Extensions for KNIME/Dataflow written by Actian Services.'/>
        <property name='org.eclipse.equinox.p2.type.category' value='true'/>
      </properties>
      <provides size='1'>
        <provided namespace='org.eclipse.equinox.p2.iu' name='201508202224.actiandataflow' version='1.0.0.2-5cKa6ul7735C3I73777A'/>
      </provides>
      <requires size='1'>
        <required namespace='org.eclipse.equinox.p2.iu' name='com.actian.services.knime.xpath.feature.feature.group' range='[1.0.3.201508202224,1.0.3.201508202224]'/>
      </requires>
      <touchpoint id='null' version='0.0.0'/>
    </unit>
    <unit id='com.actian.services.knime.xpath.functions' version='1.0.3.201508202224'>
      <update id='com.actian.services.knime.xpath.functions' range='[0.0.0,1.0.3.201508202224)' severity='0'/>
      <properties size='5'>
        <property name='org.eclipse.equinox.p2.name' value='Actian Services XPath Functions'/>
        <property name='org.eclipse.equinox.p2.provider' value='Actian'/>
        <property name='maven-groupId' value='com.actian.services.dataflow'/>
        <property name='maven-artifactId' value='com.actian.services.knime.xpath.functions'/>
        <property name='maven-version' value='1.0.3-SNAPSHOT'/>
      </properties>
      <provides size='4'>
        <provided namespace='org.eclipse.equinox.p2.iu' name='com.actian.services.knime.xpath.functions' version='1.0.3.201508202224'/>
        <provided namespace='osgi.bundle' name='com.actian.services.knime.xpath.functions' version='1.0.3.201508202224'/>
        <provided namespace='org.eclipse.equinox.p2.eclipse.type' name='bundle' version='1.0.0'/>
        <provided namespace='osgi.fragment' name='com.pervasive.datarush.core.runtime' version='1.0.3.201508202224'/>
      </provides>
      <requires size='4'>
        <required namespace='osgi.bundle' name='com.pervasive.datarush.core.runtime' range='0.0.0'/>
        <required namespace='osgi.bundle' name='org.eclipse.osgi' range='0.0.0'/>
        <required namespace='osgi.bundle' name='com.pervasive.datarush.knime.core.runtime' range='0.0.0' optional='true' greedy='false'/>
        <required namespace='osgi.bundle' name='com.pervasive.datarush.knime.core.ui' range='0.0.0' optional='true' greedy='false'/>
      </requires>
      <artifacts size='1'>
        <artifact classifier='osgi.bundle' id='com.actian.services.knime.xpath.functions' version='1.0.3.201508202224'/>
      </artifacts>
      <touchpoint id='org.eclipse.equinox.p2.osgi' version='1.0.0'/>
      <touchpointData size='1'>
        <instructions size='1'>
          <instruction key='manifest'>
            Bundle-SymbolicName: com.actian.services.knime.xpath.functions;singleton:=true&#xA;Bundle-Version: 1.0.3.201508202224&#xA;Fragment-Host: com.pervasive.datarush.core.runtime
          </instruction>
        </instructions>
      </touchpointData>
    </unit>
    <unit id='com.actian.services.knime.xpath.feature.feature.jar' version='1.0.3.201508202224'>
      <properties size='6'>
        <property name='org.eclipse.equinox.p2.name' value='Actian Services XPath Operator'/>
        <property name='org.eclipse.equinox.p2.description' value='Contains extensions written by Actian Services.'/>
        <property name='org.eclipse.equinox.p2.provider' value='Actian Corporation'/>
        <property name='maven-groupId' value='com.actian.services.dataflow'/>
        <property name='maven-artifactId' value='com.actian.services.knime.xpath.feature'/>
        <property name='maven-version' value='1.0.3-SNAPSHOT'/>
      </properties>
      <provides size='3'>
        <provided namespace='org.eclipse.equinox.p2.iu' name='com.actian.services.knime.xpath.feature.feature.jar' version='1.0.3.201508202224'/>
        <provided namespace='org.eclipse.equinox.p2.eclipse.type' name='feature' version='1.0.0'/>
        <provided namespace='org.eclipse.update.feature' name='com.actian.services.knime.xpath.feature' version='1.0.3.201508202224'/>
      </provides>
      <filter>
        (org.eclipse.update.install.features=true)
      </filter>
      <artifacts size='1'>
        <artifact classifier='org.eclipse.update.feature' id='com.actian.services.knime.xpath.feature' version='1.0.3.201508202224'/>
      </artifacts>
      <touchpoint id='org.eclipse.equinox.p2.osgi' version='1.0.0'/>
      <touchpointData size='1'>
        <instructions size='1'>
          <instruction key='zipped'>
            true
          </instruction>
        </instructions>
      </touchpointData>
      <licenses size='1'>
        <license>
          LICENSE&#xA;&#xA;        Licensed under the Apache License, Version 2.0 (the &quot;License&quot;);&#xA;        you may not use this file except in compliance with the License.&#xA;        You may obtain a copy of the License at&#xA;&#xA;        http://www.apache.org/licenses/LICENSE-2.0&#xA;&#xA;        Unless required by applicable law or agreed to in writing, software&#xA;        distributed under the License is distributed on an &quot;AS IS&quot; BASIS,&#xA;        WITHOUT WARRANTIES OR CONDITIONS OF ANY KIND, either express or implied.&#xA;        See the License for the specific language governing permissions and&#xA;        limitations under the License.
        </license>
      </licenses>
      <copyright>
        Copyright 2015 Actian Corporation
      </copyright>
    </unit>
    <unit id='com.actian.services.knime.xpath.operators' version='1.0.3.201508202224'>
      <update id='com.actian.services.knime.xpath.operators' range='[0.0.0,1.0.3.201508202224)' severity='0'/>
      <properties size='5'>
        <property name='org.eclipse.equinox.p2.name' value='Actian Services XPath Operator'/>
        <property name='org.eclipse.equinox.p2.provider' value='Actian'/>
        <property name='maven-groupId' value='com.actian.services.dataflow'/>
        <property name='maven-artifactId' value='com.actian.services.knime.xpath.operators'/>
        <property name='maven-version' value='1.0.3-SNAPSHOT'/>
      </properties>
      <provides size='3'>
        <provided namespace='org.eclipse.equinox.p2.iu' name='com.actian.services.knime.xpath.operators' version='1.0.3.201508202224'/>
        <provided namespace='osgi.bundle' name='com.actian.services.knime.xpath.operators' version='1.0.3.201508202224'/>
        <provided namespace='org.eclipse.equinox.p2.eclipse.type' name='bundle' version='1.0.0'/>
      </provides>
      <requires size='5'>
        <required namespace='osgi.bundle' name='org.eclipse.osgi' range='0.0.0'/>
        <required namespace='osgi.bundle' name='com.pervasive.datarush.core.runtime' range='0.0.0'/>
        <required namespace='osgi.bundle' name='com.pervasive.datarush.knime.core.runtime' range='0.0.0' optional='true' greedy='false'/>
        <required namespace='osgi.bundle' name='com.pervasive.datarush.knime.core.ui' range='0.0.0' optional='true' greedy='false'/>
        <required namespace='osgi.bundle' name='com.pervasive.datarush.knime.base.ui' range='0.0.0' optional='true' greedy='false'/>
      </requires>
      <artifacts size='1'>
        <artifact classifier='osgi.bundle' id='com.actian.services.knime.xpath.operators' version='1.0.3.201508202224'/>
      </artifacts>
      <touchpoint id='org.eclipse.equinox.p2.osgi' version='1.0.0'/>
      <touchpointData size='1'>
        <instructions size='1'>
          <instruction key='manifest'>
            Bundle-SymbolicName: com.actian.services.knime.xpath.operators;singleton:=true&#xA;Bundle-Version: 1.0.3.201508202224
          </instruction>
        </instructions>
      </touchpointData>
    </unit>
    <unit id='com.actian.services.knime.xpath.feature.feature.group' version='1.0.3.201508202224' singleton='false'>
      <update id='com.actian.services.knime.xpath.feature.feature.group' range='[0.0.0,1.0.3.201508202224)' severity='0'/>
      <properties size='7'>
        <property name='org.eclipse.equinox.p2.name' value='Actian Services XPath Operator'/>
        <property name='org.eclipse.equinox.p2.description' value='Contains extensions written by Actian Services.'/>
        <property name='org.eclipse.equinox.p2.provider' value='Actian Corporation'/>
        <property name='org.eclipse.equinox.p2.type.group' value='true'/>
        <property name='maven-groupId' value='com.actian.services.dataflow'/>
        <property name='maven-artifactId' value='com.actian.services.knime.xpath.feature'/>
        <property name='maven-version' value='1.0.3-SNAPSHOT'/>
      </properties>
      <provides size='1'>
        <provided namespace='org.eclipse.equinox.p2.iu' name='com.actian.services.knime.xpath.feature.feature.group' version='1.0.3.201508202224'/>
      </provides>
      <requires size='4'>
        <required namespace='org.eclipse.equinox.p2.iu' name='org.knime.features.base.feature.group' range='[2.9.0,3.0.0)'/>
        <required namespace='org.eclipse.equinox.p2.iu' name='com.actian.services.knime.xpath.operators' range='[1.0.3.201508202224,1.0.3.201508202224]'/>
        <required namespace='org.eclipse.equinox.p2.iu' name='com.actian.services.knime.xpath.functions' range='[1.0.3.201508202224,1.0.3.201508202224]'/>
        <required namespace='org.eclipse.equinox.p2.iu' name='com.actian.services.knime.xpath.feature.feature.jar' range='[1.0.3.201508202224,1.0.3.201508202224]'>
          <filter>
            (org.eclipse.update.install.features=true)
          </filter>
        </required>
      </requires>
      <touchpoint id='null' version='0.0.0'/>
      <licenses size='1'>
        <license>
          LICENSE&#xA;&#xA;        Licensed under the Apache License, Version 2.0 (the &quot;License&quot;);&#xA;        you may not use this file except in compliance with the License.&#xA;        You may obtain a copy of the License at&#xA;&#xA;        http://www.apache.org/licenses/LICENSE-2.0&#xA;&#xA;        Unless required by applicable law or agreed to in writing, software&#xA;        distributed under the License is distributed on an &quot;AS IS&quot; BASIS,&#xA;        WITHOUT WARRANTIES OR CONDITIONS OF ANY KIND, either express or implied.&#xA;        See the License for the specific language governing permissions and&#xA;        limitations under the License.
        </license>
      </licenses>
      <copyright>
        Copyright 2015 Actian Corporation
      </copyright>
    </unit>
  </units>
</repository>
